Maria Silva;maria.silva1@empresa.com.br
João Souza;joao.souza2@empresa.com.br
Ana Oliveira;ana.oliveira3@empresa.com.br
Pedro Santos;pedro.santos4@empresa.com.br
Lucas Pereira;lucas.pereira5@empresa.com.br
Gabriel Costa;gabriel.costa6@empresa.com.br
Julia Rodrigues;julia.rodrigues7@empresa.com.br
Beatriz Almeida;beatriz.almeida8@empresa.com.br
Rafael Nascimento;rafael.nascimento9@empresa.com.br
Carlos Lima;carlos.lima10@empresa.com.br
Marcos Araujo;marcos.araujo11@empresa.com.br
Paulo Ferreira;paulo.ferreira12@empresa.com.br
Fernanda Gomes;fernanda.gomes13@empresa.com.br
Leticia Martins;leticia.martins14@empresa.com.br
Amanda Rocha;amanda.rocha15@empresa.com.br
Bruno Ribeiro;bruno.ribeiro16@empresa.com.br
Diego Alves;diego.alves17@empresa.com.br
Felipe Carvalho;felipe.carvalho18@empresa.com.br
Gustavo Teixeira;gustavo.teixeira19@empresa.com.br
Larissa Lopes;larissa.lopes20@empresa.com.br
Patricia Goncalves;patricia.goncalves21@empresa.com.br
Rodrigo Dias;rodrigo.dias22@empresa.com.br
Thiago Barros;thiago.barros23@empresa.com.br
Vanessa Pinto;vanessa.pinto24@empresa.com.br
Eduardo Mendes;eduardo.mendes25@empresa.com.br
Maria Silva;maria.silva26@empresa.com.br
João Souza;joao.souza27@empresa.com.br
Ana Oliveira;ana.oliveira28@empresa.com.br
Pedro Santos;pedro.santos29@empresa.com.br
Lucas Pereira;lucas.pereira30@empresa.com.br
Gabriel Costa;gabriel.costa31@empresa.com.br
Julia Rodrigues;julia.rodrigues32@empresa.com.br
Beatriz Almeida;beatriz.almeida33@empresa.com.br
Rafael Nascimento;rafael.nascimento34@empresa.com.br
Carlos Lima;carlos.lima35@empresa.com.br
Marcos Araujo;marcos.araujo36@empresa.com.br
Paulo Ferreira;paulo.ferreira37@empresa.com.br
Fernanda Gomes;fernanda.gomes38@empresa.com.br
Leticia Martins;leticia.martins39@empresa.com.br
Amanda Rocha;amanda.rocha40@empresa.com.br
Bruno Alves;bruno.alves41@empresa.com.br
Diego Carvalho;diego.carvalho42@empresa.com.br
Felipe Teixeira;felipe.teixeira43@empresa.com.br
Gustavo Lopes;gustavo.lopes44@empresa.com.br
Larissa Goncalves;larissa.goncalves45@empresa.com.br
Patricia Dias;patricia.dias46@empresa.com.br
Rodrigo Barros;rodrigo.barros47@empresa.com.br
Thiago Pinto;thiago.pinto48@empresa.com.br
Vanessa Mendes;vanessa.mendes49@empresa.com.br
Eduardo Silva;eduardo.silva50@empresa.com.br
Maria Souza;maria.souza51@empresa.com.br
João Oliveira;joao.oliveira52@empresa.com.br
Ana Santos;ana.santos53@empresa.com.br
Pedro Pereira;pedro.pereira54@empresa.com.br
Lucas Costa;lucas.costa55@empresa.com.br
Gabriel Rodrigues;gabriel.rodrigues56@empresa.com.br
Julia Almeida;julia.almeida57@empresa.com.br
Beatriz Nascimento;beatriz.nascimento58@empresa.com.br
Rafael Lima;rafael.lima59@empresa.com.br
Carlos Araujo;carlos.araujo60@empresa.com.br
Marcos Ferreira;marcos.ferreira61@empresa.com.br
Paulo Gomes;paulo.gomes62@empresa.com.br
Fernanda Martins;fernanda.martins63@empresa.com.br
Leticia Rocha;leticia.rocha64@empresa.com.br
Amanda Ribeiro;amanda.ribeiro65@empresa.com.br
Bruno Alves;bruno.alves66@empresa.com.br
Diego Carvalho;diego.carvalho67@empresa.com.br
Felipe Teixeira;felipe.teixeira68@empresa.com.br
Gustavo Lopes;gustavo.lopes69@empresa.com.br
Larissa Goncalves;larissa.goncalves70@empresa.com.br
Patricia Dias;patricia.dias71@empresa.com.br
Rodrigo Barros;rodrigo.barros72@empresa.com.br
Thiago Pinto;thiago.pinto73@empresa.com.br
Vanessa Mendes;vanessa.mendes74@empresa.com.br
Eduardo Silva;eduardo.silva75@empresa.com.br
Maria Silva;maria.silva76@empresa.com.br
João Souza;joao.souza77@empresa.com.br
Ana Oliveira;ana.oliveira78@empresa.com.br
Pedro Santos;pedro.santos79@empresa.com.br
Lucas Pereira;lucas.pereira80@empresa.com.br
Gabriel Costa;gabriel.costa81@empresa.com.br
Julia Rodrigues;julia.rodrigues82@empresa.com.br
Beatriz Almeida;beatriz.almeida83@empresa.com.br
Rafael Nascimento;rafael.nascimento84@empresa.com.br
Carlos Lima;carlos.lima85@empresa.com.br
Marcos Araujo;marcos.araujo86@empresa.com.br
Paulo Ferreira;paulo.ferreira87@empresa.com.br
Fernanda Gomes;fernanda.gomes88@empresa.com.br
Leticia Martins;leticia.martins89@empresa.com.br
Amanda Rocha;amanda.rocha90@empresa.com.br
Bruno Alves;bruno.alves91@empresa.com.br
Diego Carvalho;diego.carvalho92@empresa.com.br
Felipe Teixeira;felipe.teixeira93@empresa.com.br
Gustavo Lopes;gustavo.lopes94@empresa.com.br
Larissa Goncalves;larissa.goncalves95@empresa.com.br
Patricia Dias;patricia.dias96@empresa.com.br
Rodrigo Barros;rodrigo.barros97@empresa.com.br
Thiago Pinto;thiago.pinto98@empresa.com.br
Vanessa Mendes;vanessa.mendes99@empresa.com.br
Eduardo Silva;eduardo.silva100@empresa.com.br